rank,file,t_sec,score,U,A,D,n_boxes,n_ambiguous,empty,selected
1,frame_0080.jpg,32.0,0.824,0.744,1.0,0.76,12,8,False,True
2,frame_0033.jpg,13.2,0.8204,0.7158,0.875,1.0,14,7,False,True
3,frame_0031.jpg,12.4,0.7141,0.6531,0.625,1.0,13,5,False,False
4,frame_0017.jpg,6.8,0.7114,0.7228,0.5,1.0,11,4,False,True
5,frame_0082.jpg,32.8,0.7056,0.7643,0.625,0.68,12,5,False,False
6,frame_0321.jpg,128.4,0.7023,0.7245,1.0,0.2,12,8,False,True
7,frame_0004.jpg,1.6,0.7018,0.6286,0.625,1.0,12,5,False,True
8,frame_0132.jpg,52.8,0.6775,0.7301,0.375,1.0,13,3,False,True
9,frame_0388.jpg,155.2,0.6774,0.8408,0.75,0.16,14,6,False,True
10,frame_0070.jpg,28.0,0.6713,0.6426,0.5,1.0,16,4,False,True
11,frame_0079.jpg,31.6,0.6672,0.6394,0.625,0.8,12,5,False,False
12,frame_0071.jpg,28.4,0.6656,0.5562,0.625,1.0,14,5,False,False
13,frame_0291.jpg,116.4,0.664,0.767,0.375,0.84,10,3,False,True
14,frame_0295.jpg,118.0,0.6566,0.8161,0.375,0.68,12,3,False,False
15,frame_0133.jpg,53.2,0.6524,0.6049,0.5,1.0,11,4,False,False
16,frame_0075.jpg,30.0,0.6438,0.6785,0.375,0.96,10,3,False,True
17,frame_0296.jpg,118.4,0.6424,0.7289,0.5,0.64,13,4,False,True
18,frame_0074.jpg,29.6,0.6406,0.6562,0.375,1.0,14,3,False,False
19,frame_0232.jpg,92.8,0.6383,0.7466,0.75,0.2,17,6,False,True
20,frame_0021.jpg,8.4,0.6369,0.5738,0.5,1.0,12,4,False,False
21,frame_0030.jpg,12.0,0.6355,0.7209,0.25,1.0,12,2,False,False
22,frame_0002.jpg,0.8,0.6313,0.7125,0.25,1.0,12,2,False,False
23,frame_0029.jpg,11.6,0.6301,0.6353,0.375,1.0,10,3,False,False
24,frame_0330.jpg,132.0,0.6293,0.8676,0.625,0.04,19,5,False,False
25,frame_0076.jpg,30.4,0.6285,0.664,0.375,0.92,11,3,False,False
26,frame_0007.jpg,2.8,0.6274,0.6298,0.375,1.0,11,3,False,False
27,frame_0068.jpg,27.2,0.6213,0.6176,0.375,1.0,12,3,False,False
28,frame_0003.jpg,1.2,0.619,0.6131,0.375,1.0,11,3,False,False
29,frame_0114.jpg,45.6,0.6159,0.7448,0.625,0.28,13,5,False,False
30,frame_0016.jpg,6.4,0.6153,0.5306,0.5,1.0,10,4,False,False
31,frame_0292.jpg,116.8,0.6089,0.6727,0.375,0.8,11,3,False,False
32,frame_0120.jpg,48.0,0.6057,0.7034,0.5,0.52,12,4,False,False
33,frame_0000.jpg,0.0,0.6048,0.6596,0.25,1.0,12,2,False,False
34,frame_0081.jpg,32.4,0.6022,0.6915,0.375,0.72,14,3,False,False
35,frame_0386.jpg,154.4,0.5972,0.6483,0.75,0.24,18,6,False,False
36,frame_0001.jpg,0.4,0.5917,0.6334,0.25,1.0,12,2,False,False
37,frame_0221.jpg,88.4,0.5917,0.6374,0.75,0.24,12,6,False,False
38,frame_0280.jpg,112.0,0.5884,0.7169,0.5,0.4,11,4,False,False
39,frame_0231.jpg,92.4,0.5818,0.7997,0.5,0.16,15,4,False,False
40,frame_0172.jpg,68.8,0.5813,0.6276,0.625,0.4,13,5,False,False
41,frame_0310.jpg,124.0,0.5812,0.6803,0.75,0.08,13,6,False,False
42,frame_0032.jpg,12.8,0.5798,0.5346,0.375,1.0,15,3,False,False
43,frame_0170.jpg,68.0,0.5791,0.6662,0.5,0.48,12,4,False,False
44,frame_0027.jpg,10.8,0.579,0.6079,0.25,1.0,12,2,False,False
45,frame_0385.jpg,154.0,0.5769,0.6987,0.625,0.2,16,5,False,False
46,frame_0121.jpg,48.4,0.5762,0.5533,0.625,0.56,11,5,False,False
47,frame_0005.jpg,2.0,0.5749,0.5998,0.25,1.0,8,2,False,False
48,frame_0307.jpg,122.8,0.5714,0.6878,0.625,0.2,14,5,False,False
49,frame_0077.jpg,30.8,0.5689,0.6358,0.25,0.88,10,2,False,False
50,frame_0083.jpg,33.2,0.5643,0.6476,0.375,0.64,15,3,False,False
51,frame_0324.jpg,129.6,0.5636,0.5702,0.875,0.08,16,7,False,False
52,frame_0069.jpg,27.6,0.5624,0.5748,0.25,1.0,14,2,False,False
53,frame_0383.jpg,153.2,0.5622,0.7014,0.625,0.12,18,5,False,False
54,frame_0026.jpg,10.4,0.5598,0.5696,0.25,1.0,12,2,False,False
55,frame_0286.jpg,114.4,0.5574,0.6338,0.375,0.64,12,3,False,False
56,frame_0125.jpg,50.0,0.5565,0.525,0.5,0.72,14,4,False,False
57,frame_0203.jpg,81.2,0.5562,0.5564,0.5,0.64,8,4,False,False
58,frame_0374.jpg,149.6,0.5553,0.8805,0.25,0.2,18,2,False,False
59,frame_0222.jpg,88.8,0.5541,0.7282,0.5,0.2,11,4,False,False
60,frame_0014.jpg,5.6,0.5527,0.6305,0.125,1.0,7,1,False,False
61,frame_0316.jpg,126.4,0.5522,0.8154,0.375,0.16,14,3,False,False
62,frame_0124.jpg,49.6,0.5503,0.6785,0.25,0.68,15,2,False,False
63,frame_0067.jpg,26.8,0.5494,0.4739,0.375,1.0,17,3,False,False
64,frame_0384.jpg,153.6,0.5485,0.6579,0.625,0.16,17,5,False,False
65,frame_0305.jpg,122.0,0.5479,0.7587,0.375,0.28,12,3,False,False
66,frame_0387.jpg,154.8,0.5455,0.711,0.5,0.2,15,4,False,False
67,frame_0276.jpg,110.4,0.5449,0.6188,0.625,0.24,14,5,False,False
68,frame_0096.jpg,38.4,0.5431,0.8132,0.375,0.12,15,3,False,False
69,frame_0109.jpg,43.6,0.5407,0.5993,0.75,0.08,13,6,False,False
70,frame_0391.jpg,156.4,0.5407,0.7654,0.5,0.04,12,4,False,False
71,frame_0378.jpg,151.2,0.5388,0.8205,0.375,0.08,14,3,False,False
72,frame_0181.jpg,72.4,0.5364,0.7568,0.5,0.04,13,4,False,False
73,frame_0287.jpg,114.8,0.5362,0.5004,0.5,0.68,9,4,False,False
74,frame_0086.jpg,34.4,0.5355,0.638,0.375,0.52,12,3,False,False
75,frame_0128.jpg,51.2,0.5352,0.5094,0.375,0.84,11,3,False,False
76,frame_0284.jpg,113.6,0.5339,0.6187,0.375,0.56,11,3,False,False
77,frame_0379.jpg,151.6,0.533,0.7499,0.5,0.04,15,4,False,False
78,frame_0020.jpg,8.0,0.5318,0.4386,0.375,1.0,8,3,False,False
79,frame_0283.jpg,113.2,0.5304,0.4778,0.625,0.52,9,5,False,False
80,frame_0370.jpg,148.0,0.5282,0.6655,0.625,0.04,18,5,False,False
81,frame_0209.jpg,83.6,0.5269,0.6157,0.25,0.72,10,2,False,False
82,frame_0127.jpg,50.8,0.5262,0.5073,0.375,0.8,12,3,False,False
83,frame_0028.jpg,11.2,0.5257,0.5014,0.25,1.0,10,2,False,False
84,frame_0178.jpg,71.2,0.5251,0.5362,0.75,0.16,12,6,False,False
85,frame_0318.jpg,127.2,0.5242,0.6524,0.5,0.24,12,4,False,False
86,frame_0368.jpg,147.2,0.5242,0.7323,0.5,0.04,20,4,False,False
87,frame_0207.jpg,82.8,0.5229,0.4258,0.5,0.8,7,4,False,False
88,frame_0311.jpg,124.4,0.5225,0.5791,0.75,0.04,14,6,False,False
89,frame_0319.jpg,127.6,0.5219,0.7068,0.375,0.28,12,3,False,False
90,frame_0309.jpg,123.6,0.5185,0.7641,0.375,0.12,12,3,False,False
91,frame_0320.jpg,128.0,0.5181,0.6401,0.5,0.24,11,4,False,False
92,frame_0322.jpg,128.8,0.5174,0.5958,0.625,0.16,10,5,False,False
93,frame_0298.jpg,119.2,0.5158,0.6576,0.25,0.56,12,2,False,False
94,frame_0375.jpg,150.0,0.5151,0.7251,0.375,0.2,12,3,False,False
95,frame_0119.jpg,47.6,0.5126,0.5332,0.5,0.48,11,4,False,False
96,frame_0329.jpg,131.6,0.5122,0.6175,0.625,0.08,19,5,False,False
97,frame_0169.jpg,67.6,0.5102,0.5125,0.5,0.52,11,4,False,False
98,frame_0208.jpg,83.2,0.509,0.564,0.25,0.76,8,2,False,False
99,frame_0215.jpg,86.0,0.5087,0.5255,0.5,0.48,12,4,False,False
100,frame_0078.jpg,31.2,0.5086,0.5312,0.25,0.84,12,2,False,False
101,frame_0186.jpg,74.4,0.5084,0.7009,0.5,0.04,14,4,False,False
102,frame_0373.jpg,149.2,0.5081,0.7272,0.375,0.16,18,3,False,False
103,frame_0072.jpg,28.8,0.5079,0.5408,0.125,1.0,13,1,False,False
104,frame_0396.jpg,158.4,0.5053,0.6466,0.5,0.16,10,4,False,False
105,frame_0025.jpg,10.0,0.5051,0.3853,0.375,1.0,8,3,False,False
106,frame_0301.jpg,120.4,0.505,0.6091,0.375,0.44,12,3,False,False
107,frame_0098.jpg,39.2,0.5049,0.6938,0.5,0.04,13,4,False,False
108,frame_0130.jpg,52.0,0.5048,0.4915,0.25,0.92,15,2,False,False
109,frame_0073.jpg,29.2,0.5045,0.459,0.25,1.0,13,2,False,False
110,frame_0115.jpg,46.0,0.5045,0.581,0.5,0.32,13,4,False,False
111,frame_0089.jpg,35.6,0.5035,0.697,0.25,0.4,10,2,False,False
112,frame_0118.jpg,47.2,0.5032,0.5305,0.5,0.44,10,4,False,False
113,frame_0174.jpg,69.6,0.5026,0.5771,0.5,0.32,14,4,False,False
114,frame_0288.jpg,115.2,0.4995,0.4861,0.375,0.72,12,3,False,False
115,frame_0103.jpg,41.2,0.4981,0.6323,0.5,0.16,11,4,False,False
116,frame_0297.jpg,118.8,0.497,0.679,0.125,0.6,13,1,False,False
117,frame_0377.jpg,150.8,0.4949,0.6418,0.5,0.12,16,4,False,False
118,frame_0090.jpg,36.0,0.494,0.544,0.5,0.36,11,4,False,False
119,frame_0012.jpg,4.8,0.4934,0.5118,0.125,1.0,7,1,False,False
120,frame_0201.jpg,80.4,0.4917,0.6094,0.25,0.56,8,2,False,False
121,frame_0279.jpg,111.6,0.4898,0.6855,0.25,0.36,10,2,False,False
122,frame_0006.jpg,2.4,0.4894,0.4288,0.25,1.0,10,2,False,False
123,frame_0171.jpg,68.4,0.4886,0.6512,0.25,0.44,11,2,False,False
124,frame_0131.jpg,52.4,0.4858,0.5126,0.125,0.96,9,1,False,False
125,frame_0277.jpg,110.8,0.4847,0.5575,0.5,0.28,11,4,False,False
126,frame_0293.jpg,117.2,0.4839,0.5888,0.125,0.76,9,1,False,False
127,frame_0325.jpg,130.0,0.483,0.6501,0.5,0.04,14,4,False,False
128,frame_0194.jpg,77.6,0.4815,0.5511,0.5,0.28,8,4,False,False
129,frame_0328.jpg,131.2,0.4762,0.6954,0.375,0.08,19,3,False,False
130,frame_0122.jpg,48.8,0.4761,0.4873,0.375,0.6,14,3,False,False
131,frame_0371.jpg,148.4,0.474,0.691,0.375,0.08,16,3,False,False
132,frame_0268.jpg,107.2,0.4739,0.6909,0.375,0.08,12,3,False,False
133,frame_0113.jpg,45.2,0.47,0.6191,0.375,0.24,13,3,False,False
134,frame_0011.jpg,4.4,0.4699,0.4648,0.125,1.0,8,1,False,False
135,frame_0022.jpg,8.8,0.4689,0.3128,0.375,1.0,8,3,False,False
136,frame_0210.jpg,84.0,0.4677,0.5135,0.25,0.68,8,2,False,False
137,frame_0372.jpg,148.8,0.4662,0.6594,0.375,0.12,20,3,False,False
138,frame_0176.jpg,70.4,0.4649,0.6839,0.25,0.24,14,2,False,False
139,frame_0299.jpg,119.6,0.4645,0.5709,0.25,0.52,12,2,False,False
140,frame_0302.jpg,120.8,0.4633,0.5416,0.375,0.4,11,3,False,False
141,frame_0289.jpg,115.6,0.4626,0.4712,0.25,0.76,11,2,False,False
142,frame_0084.jpg,33.6,0.4624,0.4598,0.375,0.6,11,3,False,False
143,frame_0179.jpg,71.6,0.4624,0.5768,0.5,0.12,12,4,False,False
144,frame_0110.jpg,44.0,0.4617,0.5003,0.625,0.12,10,5,False,False
145,frame_0177.jpg,70.8,0.4615,0.6929,0.25,0.2,13,2,False,False
146,frame_0023.jpg,9.2,0.4613,0.3727,0.25,1.0,8,2,False,False
147,frame_0018.jpg,7.2,0.4591,0.4432,0.125,1.0,9,1,False,False
148,frame_0273.jpg,109.2,0.4553,0.5626,0.5,0.12,13,4,False,False
149,frame_0015.jpg,6.0,0.4488,0.4977,0.0,1.0,7,0,False,False
150,frame_0191.jpg,76.4,0.4472,0.5303,0.5,0.16,11,4,False,False
151,frame_0223.jpg,89.2,0.4471,0.5301,0.5,0.16,14,4,False,False
152,frame_0123.jpg,49.2,0.4456,0.4103,0.375,0.64,13,3,False,False
153,frame_0126.jpg,50.4,0.4436,0.5082,0.125,0.76,12,1,False,False
154,frame_0390.jpg,156.0,0.4435,0.5551,0.5,0.08,14,4,False,False
155,frame_0111.jpg,44.4,0.4412,0.5933,0.375,0.16,16,3,False,False
156,frame_0290.jpg,116.0,0.4407,0.4114,0.25,0.8,11,2,False,False
157,frame_0332.jpg,132.8,0.4381,0.7102,0.25,0.04,12,2,False,False
158,frame_0304.jpg,121.6,0.438,0.5231,0.375,0.32,11,3,False,False
159,frame_0167.jpg,66.8,0.4365,0.558,0.125,0.6,10,1,False,False
160,frame_0315.jpg,126.0,0.4358,0.5985,0.375,0.12,11,3,False,False
161,frame_0180.jpg,72.0,0.434,0.761,0.125,0.08,16,1,False,False
162,frame_0175.jpg,70.0,0.4335,0.53,0.375,0.28,12,3,False,False
163,frame_0394.jpg,157.6,0.4294,0.6017,0.375,0.08,10,3,False,False
164,frame_0094.jpg,37.6,0.4289,0.6278,0.25,0.2,11,2,False,False
165,frame_0105.jpg,42.0,0.4286,0.6751,0.25,0.08,13,2,False,False
166,frame_0184.jpg,73.6,0.4266,0.6712,0.25,0.08,8,2,False,False
167,frame_0306.jpg,122.4,0.4266,0.6072,0.25,0.24,13,2,False,False
168,frame_0399.jpg,159.6,0.4265,0.666,0.125,0.28,12,1,False,False
169,frame_0308.jpg,123.2,0.4259,0.6377,0.25,0.16,13,2,False,False
170,frame_0013.jpg,5.2,0.4257,0.3014,0.25,1.0,8,2,False,False
171,frame_0009.jpg,3.6,0.4249,0.3748,0.125,1.0,11,1,False,False
172,frame_0190.jpg,76.0,0.4244,0.5009,0.5,0.12,9,4,False,False
173,frame_0323.jpg,129.2,0.423,0.498,0.5,0.12,13,4,False,False
174,frame_0389.jpg,155.6,0.4216,0.6452,0.25,0.12,12,2,False,False
175,frame_0274.jpg,109.6,0.4205,0.7021,0.125,0.16,15,1,False,False
176,frame_0168.jpg,67.2,0.4201,0.4662,0.25,0.56,9,2,False,False
177,frame_0173.jpg,69.2,0.4186,0.5431,0.25,0.36,10,2,False,False
178,frame_0087.jpg,34.8,0.4155,0.5641,0.125,0.48,8,1,False,False
179,frame_0189.jpg,75.6,0.4149,0.4978,0.5,0.08,10,4,False,False
180,frame_0382.jpg,152.8,0.4144,0.5718,0.375,0.08,15,3,False,False
181,frame_0300.jpg,120.0,0.4133,0.4846,0.25,0.48,14,2,False,False
182,frame_0367.jpg,146.8,0.4122,0.6423,0.25,0.08,18,2,False,False
183,frame_0106.jpg,42.4,0.4102,0.7294,0.125,0.04,12,1,False,False
184,frame_0226.jpg,90.4,0.4081,0.6502,0.25,0.04,12,2,False,False
185,frame_0294.jpg,117.6,0.4077,0.3774,0.25,0.72,10,2,False,False
186,frame_0206.jpg,82.4,0.4065,0.3589,0.25,0.76,8,2,False,False
187,frame_0108.jpg,43.2,0.4062,0.5715,0.375,0.04,11,3,False,False
188,frame_0188.jpg,75.2,0.4048,0.7187,0.125,0.04,12,1,False,False
189,frame_0395.jpg,158.0,0.4036,0.6091,0.25,0.12,8,2,False,False
190,frame_0229.jpg,91.6,0.4031,0.5491,0.375,0.08,11,3,False,False
191,frame_0285.jpg,114.0,0.4013,0.4126,0.25,0.6,9,2,False,False
192,frame_0230.jpg,92.0,0.3961,0.6692,0.125,0.12,17,1,False,False
193,frame_0192.jpg,76.8,0.393,0.556,0.25,0.2,9,2,False,False
194,frame_0381.jpg,152.4,0.3919,0.4678,0.5,0.04,13,4,False,False
195,frame_0211.jpg,84.4,0.3918,0.5276,0.0,0.64,7,0,False,False
196,frame_0088.jpg,35.2,0.3901,0.4541,0.25,0.44,11,2,False,False
197,frame_0095.jpg,38.0,0.3899,0.6408,0.125,0.16,14,1,False,False
198,frame_0185.jpg,74.0,0.3897,0.5225,0.375,0.08,12,3,False,False
199,frame_0085.jpg,34.0,0.3894,0.4049,0.25,0.56,11,2,False,False
200,frame_0282.jpg,112.8,0.3893,0.4367,0.25,0.48,13,2,False,False
201,frame_0019.jpg,7.6,0.3869,0.2988,0.125,1.0,9,1,False,False
202,frame_0129.jpg,51.6,0.386,0.42,0.0,0.88,14,0,False,False
203,frame_0303.jpg,121.2,0.3854,0.5518,0.125,0.36,10,1,False,False
204,frame_0024.jpg,9.6,0.3839,0.2928,0.125,1.0,7,1,False,False
205,frame_0278.jpg,111.2,0.3837,0.5644,0.125,0.32,13,1,False,False
206,frame_0117.jpg,46.8,0.3828,0.4555,0.25,0.4,11,2,False,False
207,frame_0333.jpg,133.2,0.3825,0.583,0.25,0.08,13,2,False,False
208,frame_0393.jpg,157.2,0.3823,0.5236,0.375,0.04,14,3,False,False
209,frame_0397.jpg,158.8,0.3821,0.5342,0.25,0.2,13,2,False,False
210,frame_0092.jpg,36.8,0.3808,0.4246,0.375,0.28,14,3,False,False
211,frame_0314.jpg,125.6,0.378,0.6491,0.125,0.08,10,1,False,False
212,frame_0116.jpg,46.4,0.3724,0.4507,0.25,0.36,15,2,False,False
213,frame_0193.jpg,77.2,0.3722,0.4234,0.375,0.24,8,3,False,False
214,frame_0010.jpg,4.0,0.3717,0.2684,0.125,1.0,8,1,False,False
215,frame_0213.jpg,85.2,0.3711,0.4433,0.125,0.56,9,1,False,False
216,frame_0202.jpg,80.8,0.37,0.4249,0.125,0.6,6,1,False,False
217,frame_0097.jpg,38.8,0.3689,0.6308,0.125,0.08,10,1,False,False
218,frame_0217.jpg,86.8,0.3617,0.4884,0.125,0.4,8,1,False,False
219,frame_0008.jpg,3.2,0.3599,0.3199,0.0,1.0,10,0,False,False
220,frame_0281.jpg,112.4,0.3574,0.3888,0.25,0.44,11,2,False,False
221,frame_0233.jpg,93.2,0.3547,0.5385,0.125,0.24,18,1,False,False
222,frame_0100.jpg,40.0,0.3502,0.5343,0.25,0.04,11,2,False,False
223,frame_0212.jpg,84.8,0.3497,0.3844,0.125,0.6,6,1,False,False
224,frame_0376.jpg,150.4,0.3471,0.5552,0.125,0.16,13,1,False,False
225,frame_0327.jpg,130.8,0.347,0.528,0.25,0.04,13,2,False,False
226,frame_0200.jpg,80.0,0.3443,0.3305,0.25,0.52,5,2,False,False
227,frame_0195.jpg,78.0,0.3376,0.4722,0.125,0.32,8,1,False,False
228,frame_0272.jpg,108.8,0.3364,0.4907,0.25,0.08,12,2,False,False
229,frame_0214.jpg,85.6,0.3333,0.3836,0.125,0.52,9,1,False,False
230,frame_0104.jpg,41.6,0.3312,0.4644,0.25,0.12,10,2,False,False
231,frame_0271.jpg,108.4,0.3153,0.4646,0.25,0.04,11,2,False,False
232,frame_0225.jpg,90.0,0.3148,0.4476,0.25,0.08,14,2,False,False
233,frame_0093.jpg,37.2,0.3145,0.458,0.125,0.24,11,1,False,False
234,frame_0398.jpg,159.2,0.3131,0.3802,0.25,0.24,11,2,False,False
235,frame_0219.jpg,87.6,0.3034,0.3289,0.25,0.32,9,2,False,False
236,frame_0102.jpg,40.8,0.3023,0.3316,0.375,0.12,11,3,False,False
237,frame_0317.jpg,126.8,0.2973,0.4396,0.125,0.2,9,1,False,False
238,frame_0204.jpg,81.6,0.2932,0.2393,0.125,0.68,6,1,False,False
239,frame_0196.jpg,78.4,0.2868,0.3546,0.125,0.36,6,1,False,False
240,frame_0220.jpg,88.0,0.2858,0.3845,0.125,0.28,11,1,False,False
241,frame_0216.jpg,86.4,0.2717,0.2925,0.125,0.44,7,1,False,False
242,frame_0205.jpg,82.0,0.2684,0.2488,0.0,0.72,6,0,False,False
243,frame_0199.jpg,79.6,0.2637,0.3354,0.0,0.48,3,0,False,False
244,frame_0197.jpg,78.8,0.2604,0.2857,0.125,0.4,4,1,False,False
245,frame_0091.jpg,36.4,0.2588,0.3895,0.0,0.32,10,0,False,False
246,frame_0267.jpg,106.8,0.258,0.393,0.125,0.12,9,1,False,False
247,frame_0228.jpg,91.2,0.255,0.419,0.125,0.04,10,1,False,False
248,frame_0218.jpg,87.2,0.2531,0.3623,0.0,0.36,10,0,False,False
249,frame_0269.jpg,107.6,0.2324,0.3738,0.125,0.04,10,1,False,False
250,frame_0313.jpg,125.2,0.2312,0.3714,0.125,0.04,10,1,False,False
251,frame_0275.jpg,110.0,0.2283,0.3767,0.0,0.2,15,0,False,False
252,frame_0112.jpg,44.8,0.2228,0.2906,0.125,0.2,12,1,False,False
253,frame_0183.jpg,73.2,0.2198,0.3485,0.125,0.04,6,1,False,False
254,frame_0224.jpg,89.6,0.191,0.2589,0.125,0.12,10,1,False,False
255,frame_0198.jpg,79.2,0.19,0.2039,0.0,0.44,6,0,False,False
256,frame_0101.jpg,40.4,0.1539,0.2758,0.0,0.08,13,0,False,False
